Accepted term,Synonym
anther_shape,anther_shape.1.shape
anther_shape,anther_shape.2.shape
bark_shape,bark_shape.1.shape
bark_shape,bark_shape.2.shape
beak_shape,beak_shape.1.shape
bract_apex_shape,bract_apex_shape.1.shape
bract_apex_shape,bract_apex_shape.2.shape
bract_apex_shape_staminate,bract_apex_shape_staminate.1.shape
bract_apex_shape_staminate,bract_apex_shape_staminate.2.shape
bract_base_shape,bract_base_shape.1.shape
bract_flower_shape_staminate,bract_flower_shape_staminate.1.shape
bract_hair_shape,bract_hair_shape.1.shape
bract_lobe_shape,bract_lobe_shape.1.shape
bract_lobe_shape,bract_lobe_shape.2.shape
bract_lobe_shape,bract_lobe_shape.3.shape
bract_margin_shape,bract_margin_shape.1.shape
bract_margin_shape,bract_margin_shape.2.shape
bract_rim_shape,bract_rim_shape.1.shape
bract_scales_shape,bract_scales_shape.1.shape
bract_shape,bract_shape.1.shape
bract_shape,bract_shape.2.shape
bract_shape,bract_shape.3.shape
bract_shape,bract_shape.4.shape
bract_shape,bract_shape.5.shape
bract_shape_male,bract_shape_male.1.shape
bract_shape_staminate,bract_shape_staminate.1.shape
bract_shape_staminate,bract_shape_staminate.2.shape
bract_tip_shape,bract_tip_shape.1.shape
bract_tip_shape,bract_tip_shape.2.shape
bract_tube_shape,bract_tube_shape.1.shape
branch_apex_shape,branch_apex_shape.1.shape
branch_base_shape,branch_base_shape.1.shape
branch_hair_shape,branch_hair_shape.1.shape
branch_leaf_hair_shape,branch_leaf_hair_shape.1.shape
branch_leaf_shape,branch_leaf_shape.1.shape
branch_margin_shape,branch_margin_shape.1.shape
branch_shape,branch_shape.1.shape
branch_shape,branch_shape.2.shape
branch_shape,branch_shape.3.shape
branch_shape,branch_shape.4.shape
branch_shape_male,branch_shape_male.1.shape
branch_shape_staminate,branch_shape_staminate.1.shape
branch_tooth_shape,branch_tooth_shape.1.shape
branch_trichome_shape,branch_trichome_shape.1.shape
bud_apex_shape,bud_apex_shape.1.shape
bud_apex_shape,bud_apex_shape.2.shape
bud_apex_shape,bud_apex_shape.3.shape
bud_hair_shape,bud_hair_shape.1.shape
bud_scales_shape,bud_scales_shape.1.shape
bud_scales_shape,bud_scales_shape.2.shape
bud_shape,bud_shape.1.shape
bud_shape,bud_shape.2.shape
bud_shape,bud_shape.3.shape
bud_shape,bud_shape.4.shape
bud_shape_male,bud_shape_male.1.shape
bud_shape_male,bud_shape_male.2.shape
calyx_base_shape,calyx_base_shape.1.shape
calyx_shape,calyx_shape.1.shape
calyx_shape,calyx_shape.2.shape
carpel_shape,carpel_shape.1.shape
catkin_apex_shape,catkin_apex_shape.1.shape
catkin_apex_shape,catkin_apex_shape.2.shape
catkin_lobe_shape,catkin_lobe_shape.1.shape
catkin_scales_shape_pistillate,catkin_scales_shape_pistillate.1.shape
catkin_shape,catkin_shape.1.shape
catkin_shape,catkin_shape.2.shape
catkin_shape_male,catkin_shape_male.1.shape
catkin_shape_male,catkin_shape_male.2.shape
catkin_shape_pistillate,catkin_shape_pistillate.1.shape
catkin_shape_staminate,catkin_shape_staminate.1.shape
catkin_shape_staminate,catkin_shape_staminate.2.shape
catkin_shape_staminate,catkin_shape_staminate.3.shape
cotyledon_shape,cotyledon_shape.1.shape
disk_shape,disk_shape.1.shape
drupe_shape,drupe_shape.1.shape
drupe_shape,drupe_shape.2.shape
fascicles_shape,fascicles_shape.1.shape
filament_shape,filament_shape.1.shape
flower_shape,flower_shape.1.shape
fruit_apex_shape,fruit_apex_shape.1.shape
fruit_hair_shape,fruit_hair_shape.1.shape
fruit_hair_shape,fruit_hair_shape.2.shape
fruit_lobe_shape,fruit_lobe_shape.1.shape
fruit_scales_shape,fruit_scales_shape.1.shape
fruit_shape,fruit_shape.1.shape
fruit_shape,fruit_shape.2.shape
fruit_shape,fruit_shape.3.shape
fruit_shape,fruit_shape.4.shape
fruit_wing_shape,fruit_wing_shape.1.shape
fruit_wing_shape,fruit_wing_shape.2.shape
head_shape_male,head_shape_male.1.shape
head_shape_pistillate,head_shape_pistillate.1.shape
indumentum_shape,indumentum_shape.1.shape
inflorescence_apex_shape,inflorescence_apex_shape.1.shape
inflorescence_apex_shape,inflorescence_apex_shape.2.shape
inflorescence_hair_shape,inflorescence_hair_shape.1.shape
inflorescence_shape,inflorescence_shape.1.shape
inflorescence_shape,inflorescence_shape.2.shape
inflorescence_shape,inflorescence_shape.3.shape
inflorescence_shape_male,inflorescence_shape_male.1.shape
inflorescence_shape_male,inflorescence_shape_male.2.shape
inflorescence_shape_male,inflorescence_shape_male.3.shape
inflorescence_shape_staminate,inflorescence_shape_staminate.1.shape
inflorescence_shape_unisexual,inflorescence_shape_unisexual.1.shape
infructescence_apex_shape,infructescence_apex_shape.1.shape
infructescence_apex_shape,infructescence_apex_shape.2.shape
infructescence_lobe_shape,infructescence_lobe_shape.1.shape
infructescence_lobe_shape,infructescence_lobe_shape.2.shape
infructescence_shape,infructescence_shape.1.shape
infructescence_shape,infructescence_shape.2.shape
infructescence_shape,infructescence_shape.3.shape
introrse_shape,introrse_shape.1.shape
leaf_apex_shape,leaf_apex_shape.1.shape
leaf_apex_shape,leaf_apex_shape.2.shape
leaf_apex_shape,leaf_apex_shape.3.shape
leaf_apex_shape,leaf_apex_shape.4.shape
leaf_axil_shape,leaf_axil_shape.1.shape
leaf_base_shape,leaf_base_shape.1.shape
leaf_base_shape,leaf_base_shape.2.shape
leaf_base_shape,leaf_base_shape.3.shape
leaf_base_shape,leaf_base_shape.4.shape
leaf_gland_shape,leaf_gland_shape.1.shape
leaf_gland_shape,leaf_gland_shape.2.shape
leaf_hair_shape,leaf_hair_shape.1.shape
leaf_hair_shape,leaf_hair_shape.2.shape
leaf_hair_shape,leaf_hair_shape.3.shape
leaf_hair_shape,leaf_hair_shape.4.shape
leaf_hair_shape,leaf_hair_shape.5.shape
leaf_lobe_shape,leaf_lobe_shape.1.shape
leaf_lobe_shape,leaf_lobe_shape.2.shape
leaf_lobe_shape,leaf_lobe_shape.3.shape
leaf_margin_shape,leaf_margin_shape.1.shape
leaf_margin_shape,leaf_margin_shape.2.shape
leaf_ray_shape,leaf_ray_shape.1.shape
leaf_scales_shape,leaf_scales_shape.1.shape
leaf_scales_shape,leaf_scales_shape.2.shape
leaf_scales_shape,leaf_scales_shape.3.shape
leaf_scales_shape,leaf_scales_shape.4.shape
leaf_shape,leaf_shape.1.shape
leaf_shape,leaf_shape.10.shape
leaf_shape,leaf_shape.2.shape
leaf_shape,leaf_shape.3.shape
leaf_shape,leaf_shape.4.shape
leaf_shape,leaf_shape.5.shape
leaf_shape,leaf_shape.6.shape
leaf_shape,leaf_shape.7.shape
leaf_shape,leaf_shape.8.shape
leaf_shape,leaf_shape.9.shape
leaf_shape_male,leaf_shape_male.1.shape
leaf_shape_pistillate,leaf_shape_pistillate.1.shape
leaf_shape_staminate,leaf_shape_staminate.1.shape
leaf_sinus_shape,leaf_sinus_shape.1.shape
leaf_sinus_shape,leaf_sinus_shape.2.shape
leaf_tip_shape,leaf_tip_shape.1.shape
leaf_tip_shape,leaf_tip_shape.2.shape
leaf_tooth_shape,leaf_tooth_shape.1.shape
leaf_tooth_shape,leaf_tooth_shape.2.shape
leaf_tooth_shape,leaf_tooth_shape.3.shape
leaf_trichome_shape,leaf_trichome_shape.1.shape
leaf_trichome_shape,leaf_trichome_shape.2.shape
leaflet_apex_shape,leaflet_apex_shape.1.shape
leaflet_apex_shape,leaflet_apex_shape.2.shape
leaflet_base_shape,leaflet_base_shape.1.shape
leaflet_hair_shape,leaflet_hair_shape.1.shape
leaflet_hair_shape,leaflet_hair_shape.2.shape
leaflet_hair_shape,leaflet_hair_shape.3.shape
leaflet_hair_shape,leaflet_hair_shape.4.shape
leaflet_ray_shape,leaflet_ray_shape.1.shape
leaflet_scales_shape,leaflet_scales_shape.1.shape
leaflet_scales_shape,leaflet_scales_shape.2.shape
leaflet_scales_shape,leaflet_scales_shape.3.shape
leaflet_scales_shape,leaflet_scales_shape.4.shape
leaflet_shape,leaflet_shape.1.shape
leaflet_shape,leaflet_shape.2.shape
leaflet_shape,leaflet_shape.3.shape
leaflet_shape,leaflet_shape.4.shape
leaflet_shape,leaflet_shape.5.shape
lenticel_shape,lenticel_shape.1.shape
lenticel_shape,lenticel_shape.2.shape
nut_apex_shape,nut_apex_shape.1.shape
nut_apex_shape,nut_apex_shape.2.shape
nut_apex_shape,nut_apex_shape.3.shape
nut_base_shape,nut_base_shape.1.shape
nut_hair_shape,nut_hair_shape.1.shape
nut_hair_shape,nut_hair_shape.2.shape
nut_lobe_shape,nut_lobe_shape.1.shape
nut_margin_shape,nut_margin_shape.1.shape
nut_margin_shape,nut_margin_shape.2.shape
nut_scales_shape,nut_scales_shape.1.shape
nut_scales_shape,nut_scales_shape.2.shape
nut_shape,nut_shape.1.shape
nut_shape,nut_shape.2.shape
nut_shape,nut_shape.3.shape
nut_shape,nut_shape.4.shape
nut_shape,nut_shape.5.shape
nut_shape,nut_shape.6.shape
nut_shape,nut_shape.7.shape
nut_tip_shape,nut_tip_shape.1.shape
nutlet_apex_shape,nutlet_apex_shape.1.shape
nutlet_apex_shape,nutlet_apex_shape.2.shape
nutlet_base_shape,nutlet_base_shape.1.shape
nutlet_lobe_shape,nutlet_lobe_shape.1.shape
nutlet_shape,nutlet_shape.1.shape
nutlet_shape,nutlet_shape.2.shape
nutlet_shape,nutlet_shape.3.shape
nutlet_shape,nutlet_shape.4.shape
nutlet_wing_shape,nutlet_wing_shape.1.shape
nutlet_wing_shape,nutlet_wing_shape.2.shape
ovary_apex_shape,ovary_apex_shape.1.shape
ovary_shape,ovary_shape.1.shape
panicle_shape,panicle_shape.1.shape
panicle_shape,panicle_shape.2.shape
panicle_shape,panicle_shape.3.shape
peduncle_base_shape,peduncle_base_shape.1.shape
peduncle_rim_shape,peduncle_rim_shape.1.shape
peduncle_scales_shape,peduncle_scales_shape.1.shape
peduncle_shape,peduncle_shape.1.shape
peduncle_shape,peduncle_shape.2.shape
peduncle_shape,peduncle_shape.3.shape
peduncle_shape,peduncle_shape.4.shape
perianth_shape,perianth_shape.1.shape
petiole_apex_shape,petiole_apex_shape.1.shape
petiole_apex_shape,petiole_apex_shape.2.shape
petiole_base_shape,petiole_base_shape.1.shape
petiole_base_shape,petiole_base_shape.2.shape
petiole_base_shape,petiole_base_shape.3.shape
petiole_hair_shape,petiole_hair_shape.1.shape
petiole_hair_shape,petiole_hair_shape.2.shape
petiole_lobe_shape,petiole_lobe_shape.1.shape
petiole_lobe_shape,petiole_lobe_shape.2.shape
petiole_margin_shape,petiole_margin_shape.1.shape
petiole_rachis_scales_shape,petiole_rachis_scales_shape.1.shape
petiole_shape,petiole_shape.1.shape
petiole_shape,petiole_shape.2.shape
petiole_shape,petiole_shape.3.shape
petiole_shape,petiole_shape.4.shape
petiole_tip_shape,petiole_tip_shape.1.shape
petiole_tip_shape,petiole_tip_shape.2.shape
petiole_tooth_shape,petiole_tooth_shape.1.shape
petiolule_base_shape,petiolule_base_shape.1.shape
petiolule_base_shape,petiolule_base_shape.2.shape
pistil_hair_shape,pistil_hair_shape.1.shape
pistil_hair_shape_staminate,pistil_hair_shape_staminate.1.shape
pith_shape,pith_shape.1.shape
pith_shape,pith_shape.2.shape
raceme_shape,raceme_shape.1.shape
raceme_shape,raceme_shape.2.shape
raceme_shape,raceme_shape.3.shape
rachis_apex_shape,rachis_apex_shape.1.shape
rachis_bract_shape,rachis_bract_shape.1.shape
rachis_hair_shape,rachis_hair_shape.1.shape
rachis_shape,rachis_shape.1.shape
rachis_shape,rachis_shape.2.shape
rachis_shape,rachis_shape.3.shape
rachis_shape,rachis_shape.4.shape
rachis_shape_male,rachis_shape_male.1.shape
seed_shape,seed_shape.1.shape
sepal_shape,sepal_shape.1.shape
sheath_lobe_shape,sheath_lobe_shape.1.shape
sheath_shape,sheath_shape.1.shape
sheath_shape,sheath_shape.2.shape
shrub_gland_shape,shrub_gland_shape.1.shape
shrub_shape,shrub_shape.1.shape
solitary_hair_shape,solitary_hair_shape.1.shape
solitary_rim_shape,solitary_rim_shape.1.shape
solitary_shape,solitary_shape.1.shape
solitary_shape,solitary_shape.2.shape
solitary_shape,solitary_shape.3.shape
solitary_shape_male,solitary_shape_male.1.shape
solitary_shape_staminate,solitary_shape_staminate.1.shape
solitary_shape_staminate,solitary_shape_staminate.2.shape
solitary_shape_staminate,solitary_shape_staminate.3.shape
solitary_tip_shape,solitary_tip_shape.1.shape
spike_shape,spike_shape.1.shape
spike_shape,spike_shape.2.shape
spike_shape,spike_shape.3.shape
spikes_shape,spikes_shape.1.shape
spikes_shape,spikes_shape.2.shape
spikes_shape,spikes_shape.3.shape
spikes_shape_male,spikes_shape_male.1.shape
spikes_shape_male,spikes_shape_male.2.shape
spikes_shape_staminate,spikes_shape_staminate.1.shape
stalk_apex_shape,stalk_apex_shape.1.shape
stalk_base_shape,stalk_base_shape.1.shape
stalk_base_shape,stalk_base_shape.2.shape
stalk_bract_shape_staminate,stalk_bract_shape_staminate.1.shape
stalk_shape,stalk_shape.1.shape
stalk_trichome_shape_staminate,stalk_trichome_shape_staminate.1.shape
stem_shape,stem_shape.1.shape
stigma_shape,stigma_shape.1.shape
stigma_shape,stigma_shape.2.shape
stipe_apex_shape,stipe_apex_shape.1.shape
stipe_shape,stipe_shape.1.shape
stipule_scales_shape,stipule_scales_shape.1.shape
stipule_shape,stipule_shape.1.shape
stipule_shape,stipule_shape.2.shape
tree_apex_shape,tree_apex_shape.1.shape
tree_base_shape,tree_base_shape.1.shape
tree_base_shape,tree_base_shape.2.shape
tree_margin_shape,tree_margin_shape.1.shape
tree_shape,tree_shape.1.shape
trunk_branch_shape,trunk_branch_shape.1.shape
trunk_crown_shape,trunk_crown_shape.1.shape
trunk_shape,trunk_shape.1.shape
twig_gland_shape,twig_gland_shape.1.shape
twig_hair_shape,twig_hair_shape.1.shape
twig_shape,twig_shape.1.shape
twig_shape,twig_shape.2.shape
twig_trichome_shape,twig_trichome_shape.1.shape
bract_hair_venation,bract_hair_venation.1.venation
bract_hair_venation,bract_hair_venation.2.venation
bract_margin_venation,bract_margin_venation.1.venation
bract_venation,bract_venation.1.venation
bract_venation,bract_venation.2.venation
bract_venation,bract_venation.3.venation
bract_venation,bract_venation.4.venation
branch_axil_venation,branch_axil_venation.1.venation
branch_venation,branch_venation.1.venation
branch_venation,branch_venation.2.venation
branch_venation,branch_venation.3.venation
branch_venation,branch_venation.4.venation
branch_venation,branch_venation.5.venation
bud_scales_venation,bud_scales_venation.1.venation
bud_venation,bud_venation.1.venation
bud_venation,bud_venation.2.venation
dehiscent_venation,dehiscent_venation.1.venation
epidermis_venation,epidermis_venation.1.venation
fruit_count,fruit_count.1.venation
fruit_venation,fruit_venation.1.venation
indumentum_venation,indumentum_venation.1.venation
inflorescence_leaf_axil_venation,inflorescence_leaf_axil_venation.1.venation
infructescence_venation,infructescence_venation.1.venation
keel_venation,keel_venation.1.venation
leaf_apex_venation,leaf_apex_venation.1.venation
leaf_axil_venation,leaf_axil_venation.1.venation
leaf_axil_venation,leaf_axil_venation.2.venation
leaf_base_venation,leaf_base_venation.1.venation
leaf_gland_venation,leaf_gland_venation.1.venation
leaf_hair_venation,leaf_hair_venation.1.venation
leaf_hair_venation,leaf_hair_venation.2.venation
leaf_lobe_venation,leaf_lobe_venation.1.venation
leaf_margin_venation,leaf_margin_venation.1.venation
leaf_scales_venation,leaf_scales_venation.1.venation
leaf_sinus_venation,leaf_sinus_venation.1.venation
leaf_tooth_venation,leaf_tooth_venation.1.venation
leaf_trichome_venation,leaf_trichome_venation.1.venation
leaf_trichome_venation,leaf_trichome_venation.2.venation
leaf_venation,leaf_venation.1.venation
leaf_venation,leaf_venation.2.venation
leaf_venation,leaf_venation.3.venation
leaf_venation,leaf_venation.4.venation
leaf_venation,leaf_venation.5.venation
leaf_venation,leaf_venation.6.venation
leaf_venation,leaf_venation.7.venation
leaflet_axil_venation,leaflet_axil_venation.1.venation
leaflet_hair_venation,leaflet_hair_venation.1.venation
leaflet_hair_venation,leaflet_hair_venation.2.venation
leaflet_scales_venation,leaflet_scales_venation.1.venation
leaflet_scales_venation,leaflet_scales_venation.2.venation
leaflet_venation,leaflet_venation.1.venation
nut_apex_venation,nut_apex_venation.1.venation
nut_margin_venation,nut_margin_venation.1.venation
nut_venation,nut_venation.1.venation
nutlet_gland_venation,nutlet_gland_venation.1.venation
nutlet_venation,nutlet_venation.1.venation
nutlet_venation,nutlet_venation.2.venation
nutlet_venation,nutlet_venation.3.venation
nutlet_venation,nutlet_venation.4.venation
petiole_axil_venation,petiole_axil_venation.1.venation
petiole_hair_venation,petiole_hair_venation.1.venation
petiole_trichome_venation,petiole_trichome_venation.1.venation
petiole_venation,petiole_venation.1.venation
petiole_venation,petiole_venation.2.venation
petiole_venation,petiole_venation.3.venation
petiole_venation,petiole_venation.4.venation
petiole_venation,petiole_venation.5.venation
petiole_venation,petiole_venation.6.venation
sheath_venation,sheath_venation.1.venation
stalk_venation,stalk_venation.1.venation
stalk_venation,stalk_venation.2.venation
stipe_venation,stipe_venation.1.venation
stipe_venation,stipe_venation.2.venation
stipe_venation,stipe_venation.3.venation
tree_venation,tree_venation.1.venation
tree_venation,tree_venation.2.venation
tree_venation,tree_venation.3.venation
tree_venation,tree_venation.4.venation
anther_apex_surface,anther_apex_surface.1.surface
anther_apex_surface,anther_apex_surface.2.surface
anther_hair_surface,anther_hair_surface.1.surface
anther_surface,anther_surface.1.surface
anther_surface,anther_surface.2.surface
bark_scales_surface,bark_scales_surface.1.surface
bark_surface,bark_surface.1.surface
bract_apex_surface,bract_apex_surface.1.surface
bract_base_surface,bract_base_surface.1.surface
bract_ciliolate_surface,bract_ciliolate_surface.1.surface
bract_gland_surface,bract_gland_surface.1.surface
bract_hair_surface,bract_hair_surface.1.surface
bract_margin_surface,bract_margin_surface.1.surface
bract_surface,bract_surface.1.surface
bract_surface,bract_surface.2.surface
bract_surface,bract_surface.3.surface
bract_surface,bract_surface.4.surface
bract_surface_staminate,bract_surface_staminate.1.surface
bract_trichome_surface,bract_trichome_surface.1.surface
bract_wing_surface,bract_wing_surface.1.surface
branch_axil_surface,branch_axil_surface.1.surface
branch_bud_scales_surface,branch_bud_scales_surface.1.surface
branch_bud_surface,branch_bud_surface.1.surface
branch_bud_surface,branch_bud_surface.2.surface
branch_bud_surface,branch_bud_surface.3.surface
branch_hair_surface,branch_hair_surface.1.surface
branch_inflorescence_surface,branch_inflorescence_surface.1.surface
branch_leaf_hair_surface,branch_leaf_hair_surface.1.surface
branch_leaf_surface,branch_leaf_surface.1.surface
branch_petiole_surface,branch_petiole_surface.1.surface
branch_surface,branch_surface.1.surface
branch_surface,branch_surface.2.surface
branch_surface,branch_surface.3.surface
branch_surface,branch_surface.4.surface
branch_surface,branch_surface.5.surface
branch_surface,branch_surface.6.surface
branch_trichome_surface,branch_trichome_surface.1.surface
bud_apex_surface,bud_apex_surface.1.surface
bud_cilia_surface,bud_cilia_surface.1.surface
bud_hair_surface,bud_hair_surface.1.surface
bud_margin_surface,bud_margin_surface.1.surface
bud_margin_surface,bud_margin_surface.2.surface
bud_scales_surface,bud_scales_surface.1.surface
bud_scales_surface,bud_scales_surface.2.surface
bud_surface,bud_surface.1.surface
bud_surface,bud_surface.2.surface
bud_surface,bud_surface.3.surface
catkin_scales_surface,catkin_scales_surface.1.surface
catkin_surface_male,catkin_surface_male.1.surface
column_gland_surface,column_gland_surface.1.surface
column_surface,column_surface.1.surface
column_surface,column_surface.2.surface
column_surface,column_surface.3.surface
cotyledon_surface,cotyledon_surface.1.surface
dehiscent_surface,dehiscent_surface.1.surface
endocarp_surface,endocarp_surface.1.surface
flower_apex_surface_pistillate,flower_apex_surface_pistillate.1.surface
fruit_gland_surface,fruit_gland_surface.1.surface
fruit_hair_surface,fruit_hair_surface.1.surface
fruit_margin_surface,fruit_margin_surface.1.surface
fruit_scales_surface,fruit_scales_surface.1.surface
fruit_scales_surface,fruit_scales_surface.2.surface
fruit_surface,fruit_surface.1.surface
fruit_surface,fruit_surface.2.surface
fruit_surface,fruit_surface.3.surface
fruit_surface,fruit_surface.4.surface
indehiscent_surface,indehiscent_surface.1.surface
indehiscent_surface,indehiscent_surface.2.surface
inflorescence_hair_surface,inflorescence_hair_surface.1.surface
inflorescence_leaf_axil_surface,inflorescence_leaf_axil_surface.1.surface
inflorescence_nut_surface,inflorescence_nut_surface.1.surface
inflorescence_scales_surface,inflorescence_scales_surface.1.surface
inflorescence_surface,inflorescence_surface.1.surface
inflorescence_surface,inflorescence_surface.2.surface
inflorescence_surface_male,inflorescence_surface_male.1.surface
inflorescence_trichome_surface,inflorescence_trichome_surface.1.surface
inflorescence_trichome_surface,inflorescence_trichome_surface.2.surface
infructescence_scales_surface,infructescence_scales_surface.1.surface
infructescence_scales_surface,infructescence_scales_surface.2.surface
infructescence_surface,infructescence_surface.1.surface
infructescence_surface,infructescence_surface.2.surface
introrse_surface,introrse_surface.1.surface
introrse_surface,introrse_surface.2.surface
introrse_surface,introrse_surface.3.surface
leaf_axil_surface,leaf_axil_surface.1.surface
leaf_axil_surface,leaf_axil_surface.2.surface
leaf_base_surface,leaf_base_surface.1.surface
leaf_base_surface,leaf_base_surface.2.surface
leaf_gland_surface,leaf_gland_surface.1.surface
leaf_gland_surface,leaf_gland_surface.2.surface
leaf_hair_surface,leaf_hair_surface.1.surface
leaf_hair_surface,leaf_hair_surface.2.surface
leaf_hair_surface,leaf_hair_surface.3.surface
leaf_hair_surface,leaf_hair_surface.4.surface
leaf_margin_surface,leaf_margin_surface.1.surface
leaf_scales_surface,leaf_scales_surface.1.surface
leaf_surface,leaf_surface.1.surface
leaf_surface,leaf_surface.2.surface
leaf_surface,leaf_surface.3.surface
leaf_surface,leaf_surface.4.surface
leaf_surface,leaf_surface.5.surface
leaf_surface,leaf_surface.6.surface
leaf_surface,leaf_surface.7.surface
leaf_trichome_surface,leaf_trichome_surface.1.surface
leaf_trichome_surface,leaf_trichome_surface.2.surface
leaflet_gland_surface,leaflet_gland_surface.1.surface
leaflet_gland_surface,leaflet_gland_surface.2.surface
leaflet_hair_surface,leaflet_hair_surface.1.surface
leaflet_hair_surface,leaflet_hair_surface.2.surface
leaflet_hair_surface,leaflet_hair_surface.3.surface
leaflet_scales_surface,leaflet_scales_surface.1.surface
leaflet_scales_surface,leaflet_scales_surface.2.surface
leaflet_scales_surface,leaflet_scales_surface.3.surface
leaflet_surface,leaflet_surface.1.surface
lenticel_surface,lenticel_surface.1.surface
lenticel_surface,lenticel_surface.2.surface
nut_apex_surface,nut_apex_surface.1.surface
nut_apex_surface,nut_apex_surface.2.surface
nut_base_surface,nut_base_surface.1.surface
nut_hair_surface,nut_hair_surface.1.surface
nut_hair_surface,nut_hair_surface.2.surface
nut_margin_surface,nut_margin_surface.1.surface
nut_scales_surface,nut_scales_surface.1.surface
nut_scales_surface,nut_scales_surface.2.surface
nut_surface,nut_surface.1.surface
nut_surface,nut_surface.2.surface
nut_surface,nut_surface.3.surface
nut_surface,nut_surface.4.surface
nut_surface,nut_surface.5.surface
nut_surface,nut_surface.6.surface
nut_surface,nut_surface.7.surface
nut_surface,nut_surface.8.surface
nut_tip_surface,nut_tip_surface.1.surface
nut_tip_surface,nut_tip_surface.2.surface
nutlet_apex_surface,nutlet_apex_surface.1.surface
nutlet_surface,nutlet_surface.1.surface
nutlet_surface,nutlet_surface.2.surface
nutlet_surface,nutlet_surface.3.surface
nutlet_wing_surface,nutlet_wing_surface.1.surface
ovary_apex_surface,ovary_apex_surface.1.surface
ovary_base_surface,ovary_base_surface.1.surface
ovary_surface,ovary_surface.1.surface
ovary_surface,ovary_surface.2.surface
ovary_surface,ovary_surface.3.surface
panicle_surface_male,panicle_surface_male.1.surface
peduncle_rachis_surface,peduncle_rachis_surface.1.surface
peduncle_surface,peduncle_surface.1.surface
peduncle_surface,peduncle_surface.2.surface
peduncle_surface,peduncle_surface.3.surface
perianth_surface,perianth_surface.1.surface
petiole_base_surface,petiole_base_surface.1.surface
petiole_gland_surface,petiole_gland_surface.1.surface
petiole_hair_surface,petiole_hair_surface.1.surface
petiole_hair_surface,petiole_hair_surface.2.surface
petiole_margin_surface,petiole_margin_surface.1.surface
petiole_rachis_hair_surface,petiole_rachis_hair_surface.1.surface
petiole_rachis_surface,petiole_rachis_surface.1.surface
petiole_rachis_surface,petiole_rachis_surface.2.surface
petiole_surface,petiole_surface.1.surface
petiole_surface,petiole_surface.2.surface
petiole_surface,petiole_surface.3.surface
petiole_surface,petiole_surface.4.surface
petiole_surface,petiole_surface.5.surface
petiole_surface,petiole_surface.6.surface
petiole_trichome_surface,petiole_trichome_surface.1.surface
pistil_hair_surface,pistil_hair_surface.1.surface
pistil_surface,pistil_surface.1.surface
rachis_base_surface,rachis_base_surface.1.surface
rachis_bract_surface,rachis_bract_surface.1.surface
rachis_gland_surface,rachis_gland_surface.1.surface
rachis_hair_surface,rachis_hair_surface.1.surface
rachis_surface,rachis_surface.1.surface
rachis_surface,rachis_surface.2.surface
rachis_surface,rachis_surface.3.surface
rachis_surface_male,rachis_surface_male.1.surface
rachis_trichome_surface,rachis_trichome_surface.1.surface
receptacle_surface_staminate,receptacle_surface_staminate.1.surface
samara_surface,samara_surface.1.surface
seed_surface,seed_surface.1.surface
sheath_surface,sheath_surface.1.surface
solitary_hair_surface,solitary_hair_surface.1.surface
solitary_surface,solitary_surface.1.surface
solitary_surface,solitary_surface.2.surface
spike_axis_surface,spike_axis_surface.1.surface
spike_axis_surface,spike_axis_surface.2.surface
spike_surface,spike_surface.1.surface
stalk_bract_surface_staminate,stalk_bract_surface_staminate.1.surface
stalk_bract_surface_staminate,stalk_bract_surface_staminate.2.surface
stalk_hair_surface,stalk_hair_surface.1.surface
stalk_hair_surface_staminate,stalk_hair_surface_staminate.1.surface
stalk_surface,stalk_surface.1.surface
stalk_surface_staminate,stalk_surface_staminate.1.surface
stalk_surface_staminate,stalk_surface_staminate.2.surface
stalk_trichome_surface_staminate,stalk_trichome_surface_staminate.1.surface
stamen_surface,stamen_surface.1.surface
stamen_surface,stamen_surface.2.surface
stipe_surface,stipe_surface.1.surface
stipe_surface,stipe_surface.2.surface
stipule_surface,stipule_surface.1.surface
testa_surface,testa_surface.1.surface
tree_surface,tree_surface.1.surface
tree_surface,tree_surface.2.surface
tree_trichome_surface,tree_trichome_surface.1.surface
trunk_branch_surface,trunk_branch_surface.1.surface
twig_hair_surface,twig_hair_surface.1.surface
twig_hair_surface,twig_hair_surface.2.surface
twig_surface,twig_surface.1.surface
twig_surface,twig_surface.2.surface
twig_surface,twig_surface.3.surface
twig_surface,twig_surface.4.surface
twig_surface,twig_surface.5.surface
twig_tip_surface,twig_tip_surface.1.surface
anther_color,anther_color.1.color
bark_color,bark_color.1.color
bark_color,bark_color.2.color
bark_color,bark_color.3.color
bark_color,bark_color.4.color
bark_color,bark_color.5.color
bract_apex_color,bract_apex_color.1.color
bract_apex_color,bract_apex_color.2.color
bract_ciliolate_color,bract_ciliolate_color.1.color
bract_color,bract_color.1.color
bract_color,bract_color.2.color
bract_color,bract_color.3.color
bract_gland_color,bract_gland_color.1.color
bract_hair_color,bract_hair_color.1.color
bract_scales_color_staminate,bract_scales_color_staminate.1.color
bract_trichome_color,bract_trichome_color.1.color
bract_trichome_color,bract_trichome_color.2.color
bract_trichome_color,bract_trichome_color.3.color
branch_bud_color,branch_bud_color.1.color
branch_color,branch_color.1.color
branch_color,branch_color.2.color
branch_color,branch_color.3.color
branch_color,branch_color.4.color
branch_gland_color,branch_gland_color.1.color
branch_gland_color,branch_gland_color.2.color
branch_hair_color,branch_hair_color.1.color
branch_inflorescence_color,branch_inflorescence_color.1.color
branch_leaf_color,branch_leaf_color.1.color
branch_petiole_color,branch_petiole_color.1.color
branch_petiole_hair_color,branch_petiole_hair_color.1.color
bud_apex_color,bud_apex_color.1.color
bud_color,bud_color.1.color
bud_color,bud_color.2.color
bud_color,bud_color.3.color
bud_color,bud_color.4.color
bud_hair_color,bud_hair_color.1.color
bud_hair_color,bud_hair_color.2.color
bud_scales_color,bud_scales_color.1.color
carpel_color,carpel_color.1.color
cotyledon_color,cotyledon_color.1.color
cotyledon_color,cotyledon_color.2.color
drupe_color,drupe_color.1.color
drupe_color,drupe_color.2.color
drupe_gland_color,drupe_gland_color.1.color
fruit_color,fruit_color.1.color
fruit_color,fruit_color.2.color
fruit_color,fruit_color.3.color
fruit_hair_color,fruit_hair_color.1.color
indumentum_color,indumentum_color.1.color
inflorescence_color,inflorescence_color.1.color
inflorescence_color,inflorescence_color.2.color
inflorescence_color_male,inflorescence_color_male.1.color
inflorescence_hair_color,inflorescence_hair_color.1.color
infructescence_color,infructescence_color.1.color
infructescence_color,infructescence_color.2.color
introrse_color,introrse_color.1.color
leaf_axil_color,leaf_axil_color.1.color
leaf_color,leaf_color.1.color
leaf_color,leaf_color.2.color
leaf_color,leaf_color.3.color
leaf_color,leaf_color.4.color
leaf_color,leaf_color.5.color
leaf_color,leaf_color.6.color
leaf_color,leaf_color.7.color
leaf_furcate_color,leaf_furcate_color.1.color
leaf_gland_color,leaf_gland_color.1.color
leaf_gland_color,leaf_gland_color.2.color
leaf_hair_color,leaf_hair_color.1.color
leaf_hair_color,leaf_hair_color.2.color
leaf_hair_color,leaf_hair_color.3.color
leaf_scales_color,leaf_scales_color.1.color
leaf_trichome_color,leaf_trichome_color.1.color
leaf_trichome_color,leaf_trichome_color.2.color
leaf_trichome_color,leaf_trichome_color.3.color
leaflet_color,leaflet_color.1.color
lenticel_color,lenticel_color.1.color
lenticel_color,lenticel_color.2.color
nut_apex_color,nut_apex_color.1.color
nut_base_color,nut_base_color.1.color
nut_color,nut_color.1.color
nut_color,nut_color.2.color
nut_color,nut_color.3.color
nut_color,nut_color.4.color
nut_color,nut_color.5.color
nut_hair_color,nut_hair_color.1.color
nut_hair_color,nut_hair_color.2.color
nut_margin_color,nut_margin_color.1.color
nut_margin_color,nut_margin_color.2.color
nut_scales_color,nut_scales_color.1.color
nut_scales_color,nut_scales_color.2.color
nut_tip_color,nut_tip_color.1.color
nut_trichome_color,nut_trichome_color.1.color
nutlet_color,nutlet_color.1.color
nutlet_color,nutlet_color.2.color
nutlet_gland_color,nutlet_gland_color.1.color
panicle_color_male,panicle_color_male.1.color
peduncle_color,peduncle_color.1.color
peduncle_scales_color,peduncle_scales_color.1.color
peduncle_scales_color,peduncle_scales_color.2.color
peduncle_tip_color,peduncle_tip_color.1.color
perianth_color,perianth_color.1.color
perianth_color,perianth_color.2.color
petiole_color,petiole_color.1.color
petiole_color,petiole_color.2.color
petiole_color,petiole_color.3.color
petiole_gland_color,petiole_gland_color.1.color
petiole_hair_color,petiole_hair_color.1.color
petiole_scales_color,petiole_scales_color.1.color
petiole_trichome_color,petiole_trichome_color.1.color
pistil_hair_color_staminate,pistil_hair_color_staminate.1.color
pistil_hair_color_staminate,pistil_hair_color_staminate.2.color
pith_color,pith_color.1.color
rachis_bract_color,rachis_bract_color.1.color
rachis_branch_gland_color,rachis_branch_gland_color.1.color
rachis_color,rachis_color.1.color
rachis_color,rachis_color.2.color
rachis_color,rachis_color.3.color
rachis_hair_color,rachis_hair_color.1.color
rachis_trichome_color,rachis_trichome_color.1.color
rachis_trichome_color,rachis_trichome_color.2.color
samara_color,samara_color.1.color
samara_color,samara_color.2.color
sheath_color,sheath_color.1.color
solitary_color,solitary_color.1.color
solitary_color,solitary_color.2.color
solitary_color,solitary_color.3.color
solitary_scales_color,solitary_scales_color.1.color
solitary_scales_color,solitary_scales_color.2.color
solitary_tip_color,solitary_tip_color.1.color
stalk_color,stalk_color.1.color
stalk_hair_color,stalk_hair_color.1.color
stalk_hair_color,stalk_hair_color.2.color
stigma_color,stigma_color.1.color
stipe_color,stipe_color.1.color
stipule_color,stipule_color.1.color
tree_color,tree_color.1.color
tree_color,tree_color.2.color
tree_trichome_color,tree_trichome_color.1.color
trunk_branch_color,trunk_branch_color.1.color
trunk_branch_color,trunk_branch_color.2.color
trunk_branch_color,trunk_branch_color.3.color
trunk_branch_color,trunk_branch_color.4.color
twig_color,twig_color.1.color
twig_color,twig_color.2.color
twig_color,twig_color.3.color
twig_color,twig_color.4.color
twig_color,twig_color.5.color
bract_duration,bract_duration.1.duration
bract_duration_male,bract_duration_male.1.duration
branch_duration,branch_duration.1.duration
branch_tooth_duration,branch_tooth_duration.1.duration
bud_duration,bud_duration.1.duration
flower_duration,flower_duration.1.duration
fruit_duration,fruit_duration.1.duration
fruit_hair_duration,fruit_hair_duration.1.duration
fruit_scales_duration,fruit_scales_duration.1.duration
indumentum_duration,indumentum_duration.1.duration
infructescence_scales_duration,infructescence_scales_duration.1.duration
leaf_duration,leaf_duration.1.duration
leaf_hair_duration,leaf_hair_duration.1.duration
nut_duration,nut_duration.1.duration
perianth_apex_duration,perianth_apex_duration.1.duration
perianth_duration,perianth_duration.1.duration
petiole_hair_duration,petiole_hair_duration.1.duration
sepal_duration,sepal_duration.1.duration
stigma_duration,stigma_duration.1.duration
stipule_duration,stipule_duration.1.duration
twig_duration,twig_duration.1.duration
branch_reproduction,branch_reproduction.1.reproduction
catkin_reproduction_staminate,catkin_reproduction_staminate.1.reproduction
catkin_reproduction_unisexual,catkin_reproduction_unisexual.1.reproduction
inflorescence_reproduction,inflorescence_reproduction.1.reproduction
inflorescence_reproduction_male,inflorescence_reproduction_male.1.reproduction
inflorescence_reproduction_pistillate,inflorescence_reproduction_pistillate.1.reproduction
inflorescence_reproduction_staminate,inflorescence_reproduction_staminate.1.reproduction
inflorescence_reproduction_unisexual,inflorescence_reproduction_unisexual.1.reproduction
leaf_reproduction_male,leaf_reproduction_male.1.reproduction
panicle_reproduction_male,panicle_reproduction_male.1.reproduction
panicle_reproduction_male,panicle_reproduction_male.2.reproduction
shrub_reproduction,shrub_reproduction.1.reproduction
shrub_reproduction,shrub_reproduction.2.reproduction
spike_reproduction,spike_reproduction.1.reproduction
tree_reproduction,tree_reproduction.1.reproduction
tree_reproduction,tree_reproduction.2.reproduction
bract_apex_margin,bract_apex_margin.1.margin
bract_lobe_margin,bract_lobe_margin.1.margin
bract_lobe_margin,bract_lobe_margin.2.margin
bract_margin,bract_margin.1.margin
bract_margin,bract_margin.2.margin
bract_margin,bract_margin.3.margin
bract_margin,bract_margin.4.margin
bract_margin_male,bract_margin_male.1.margin
bract_margin_staminate,bract_margin_staminate.1.margin
branch_margin,branch_margin.1.margin
bud_margin,bud_margin.1.margin
bud_scales_margin,bud_scales_margin.1.margin
catkin_scales_margin,catkin_scales_margin.1.margin
column_margin,column_margin.1.margin
fruit_margin,fruit_margin.1.margin
fruit_scales_margin,fruit_scales_margin.1.margin
infructescence_margin,infructescence_margin.1.margin
leaf_apex_count,leaf_apex_count.1.leaf_margin
leaf_apex_margin,leaf_apex_margin.1.margin
leaf_apex_margin,leaf_apex_margin.2.margin
leaf_base_margin,leaf_base_margin.1.margin
leaf_callose_margin,leaf_callose_margin.1.margin
leaf_count,leaf_count.1.leaf_margin
leaf_lobe_count,leaf_lobe_count.1.leaf_margin
leaf_lobe_margin,leaf_lobe_margin.1.margin
leaf_lobe_margin,leaf_lobe_margin.2.margin
leaf_margin,leaf_margin.1.margin
leaf_margin,leaf_margin.2.margin
leaf_margin,leaf_margin.3.margin
leaf_margin,leaf_margin.4.margin
leaf_margin_count,leaf_margin_count.1.leaf_margin
leaf_tooth_margin,leaf_tooth_margin.1.margin
leaf_tooth_margin,leaf_tooth_margin.2.margin
leaf_tooth_margin,leaf_tooth_margin.3.margin
leaf_twig_margin,leaf_twig_margin.1.margin
leaf_twig_margin,leaf_twig_margin.2.margin
leaflet_margin,leaflet_margin.1.margin
leaflet_margin,leaflet_margin.2.margin
nut_margin,nut_margin.1.margin
nut_margin,nut_margin.2.margin
nutlet_margin,nutlet_margin.1.margin
peduncle_lobe_count,peduncle_lobe_count.1.leaf_margin
peduncle_margin,peduncle_margin.1.margin
petiole_apex_margin,petiole_apex_margin.1.margin
petiole_lobe_margin,petiole_lobe_margin.1.margin
petiole_margin,petiole_margin.1.margin
petiole_margin,petiole_margin.2.margin
petiole_tooth_margin,petiole_tooth_margin.1.margin
plant_margin,plant_margin.1.margin
stalk_margin,stalk_margin.1.margin
stamen_margin,stamen_margin.1.margin
tree_margin,tree_margin.1.margin
tree_margin,tree_margin.2.margin
tree_margin,tree_margin.3.margin
bract_bract_flower_morphology,bract_bract_flower_morphology.1.flower_morphology
bract_flower_morphology,bract_flower_morphology.1.flower_morphology
bract_scales_flower_morphology,bract_scales_flower_morphology.1.flower_morphology
flower_bract_flower_morphology_staminate,flower_bract_flower_morphology_staminate.1.flower_morphology
fruit_flower_morphology,fruit_flower_morphology.1.flower_morphology
fruit_flower_morphology_pistillate,fruit_flower_morphology_pistillate.1.flower_morphology
rachis_flower_morphology,rachis_flower_morphology.1.flower_morphology
sepal_flower_morphology,sepal_flower_morphology.1.flower_morphology
article_surface,article_surface.1
article_shape,article_shape.1
phyllichnia_shape,phyllichnia_shape.1
